タイトル,url,更新日
音楽バンドサークル（コピーバンド／スカポップバンド）,https://jmty.jp/tokyo/com-ban/article-hkhtk,"
更新1月19日
"
プログラミング勉強仲間募集！(オフラインがメインですが、オンライ...,https://jmty.jp/tokyo/com-fri/article-mlxxf,"
更新1月19日
"
オンライン人狼みたいな「Among Us」をやりませんか？,https://jmty.jp/tokyo/com-fri/article-mlcdf,"
更新1月18日
"
★テニス★申込み専用、最新スケジュール！ 名古屋 土日祝 午前・...,https://jmty.jp/aichi/com-spo/article-81el9,"
更新1月19日
"
YouTubeを一緒に作りませんか？,https://jmty.jp/fukushima/com-fri/article-m9aj3,"
更新1月19日
"
プログラミング勉強仲間募集！(オフラインがメインですが、オンライ...,https://jmty.jp/tokyo/com-fri/article-mlxxf,"
更新1月19日
"
【募集再開】Webデザイン・プログラミングを勉強している方クリエ...,https://jmty.jp/saitama/com-fri/article-i86nr,"
更新1月19日
"
*成田*お食事･飲み など ,https://jmty.jp/chiba/com-fri/article-lbrd5,"
更新11月19日
"
プログラミング勉強仲間募集！(オフラインがメインですが、オンライ...,https://jmty.jp/tokyo/com-fri/article-mlxxf,"
更新1月19日
"
【募集再開】Webデザイン・プログラミングを勉強している方クリエ...,https://jmty.jp/saitama/com-fri/article-i86nr,"
更新1月19日
"
赤羽平日黙々作業+勉強会 1/26 10時~22時（テレワーカー...,https://jmty.jp/tokyo/com-fri/article-mm6s0,"
更新1月19日
"
赤羽平日黙々作業+勉強会 1/25 10時~22時（テレワーカー...,https://jmty.jp/tokyo/com-fri/article-mm6rk,"
更新1月19日
"
プログラミング勉強仲間募集！(オフラインがメインですが、オンライ...,https://jmty.jp/tokyo/com-fri/article-mlxxf,"
更新1月19日
"
プログラミングってどんな感じなんだ！？,https://jmty.jp/tokyo/com-fri/article-mlvb4,"
更新1月19日
"
不登校の子どもたちの居場所　フリースクールのボランティア募集,https://jmty.jp/osaka/com-npo/article-mltqt,"
更新1月19日
"
プログラミングコミュニティ,https://jmty.jp/akita/com-etc/article-mlm67,"
更新1月18日
"
【3名限定】一緒にpythonを勉強しましょう,https://jmty.jp/osaka/com-etc/article-kewlt,"
更新1月19日
"
一緒にプログラミングの勉強しませんか？,https://jmty.jp/chiba/com-fri/article-mlggv,"
更新1月18日
"
プログラミング勉強,https://jmty.jp/saitama/com-fri/article-mlfo3,"
更新1月18日
"
【朝活】オフラインのプログラミング勉強会(朝の時間を活用しましょ...,https://jmty.jp/osaka/com-etc/article-mldlu,"
更新1月18日
"
Vtuberに関わりたいクリエイター募集！,https://jmty.jp/tokyo/com-etc/article-m6x41,"
更新1月18日
"
テニス仲間募集中です。,https://jmty.jp/aichi/com-spo/article-mhui1,"
更新1月19日
"
プログラミング勉強仲間募集！(オフラインがメインですが、オンライ...,https://jmty.jp/tokyo/com-fri/article-mlxxf,"
更新1月19日
"
プログラミング勉強仲間募集！(オフラインがメインですが、オンライ...,https://jmty.jp/tokyo/com-fri/article-mlxxf,"
更新1月19日
"
【募集再開】Webデザイン・プログラミングを勉強している方クリエ...,https://jmty.jp/saitama/com-fri/article-i86nr,"
更新1月19日
"
【3名限定】一緒にpythonを勉強しましょう,https://jmty.jp/osaka/com-etc/article-kewlt,"
更新1月19日
"
【募集再開】Webデザイン・プログラミングを勉強している方クリエ...,https://jmty.jp/saitama/com-fri/article-i86nr,"
更新1月19日
"
プログラミング勉強仲間募集！(オフラインがメインですが、オンライ...,https://jmty.jp/tokyo/com-fri/article-mlxxf,"
更新1月19日
"
【募集再開】Webデザイン・プログラミングを勉強している方クリエ...,https://jmty.jp/saitama/com-fri/article-i86nr,"
更新1月19日
"
【3名限定】一緒にpythonを勉強しましょう,https://jmty.jp/osaka/com-etc/article-kewlt,"
更新1月19日
"
【募集再開】Webデザイン・プログラミングを勉強している方クリエ...,https://jmty.jp/saitama/com-fri/article-i86nr,"
更新1月19日
"
かわいいイラストのカレンダーです　何かと交換しませんか,https://jmty.jp/osaka/coop-trad/article-mm1sm,"
更新1月19日
"
未経験のエンジニア転職について,https://jmty.jp/fukuoka/coop-help/article-mlrfa,"
更新1月19日
"
オンラインプログラミング学習サポート　完全マンツーマン あなたの...,https://jmty.jp/osaka/coop-wles/article-jo4qw,"
更新1月18日
"
貨物　運搬　運送料金適正化のお知らせ　豆知識その１８,https://jmty.jp/tokyo/coop-wles/article-mf9ff,"
更新1月19日
"
WEB制作コーディング請け負い致します。全国どこでからでも受注可...,https://jmty.jp/kanagawa/coop-whlp/article-jc67o,"
更新1月18日
"
ホームページ作成 無料相談 アドバイス,https://jmty.jp/hiroshima/coop-wles/article-lcx7u,"
更新1月18日
"
オンラインプログラミング学習サポート　完全マンツーマン あなたの...,https://jmty.jp/osaka/coop-wles/article-jo4qw,"
更新1月18日
"
WEB制作コーディング請け負い致します。全国どこでからでも受注可...,https://jmty.jp/kanagawa/coop-whlp/article-jc67o,"
更新1月18日
"
ホームページ作成 無料相談 アドバイス,https://jmty.jp/hiroshima/coop-wles/article-lcx7u,"
更新1月18日
"
オンラインプログラミング学習サポート　完全マンツーマン あなたの...,https://jmty.jp/osaka/coop-wles/article-jo4qw,"
更新1月18日
"
javascriptについて,https://jmty.jp/saitama/coop-les/article-l2hn9,"
更新1月19日
"
プログラミングを教えて下さい！,https://jmty.jp/osaka/coop-les/article-mm60e,"
更新1月19日
"
プログラミングを学びたい！,https://jmty.jp/osaka/coop-buy/article-mlrff,"
更新1月19日
"
オンラインプログラミング学習サポート　完全マンツーマン あなたの...,https://jmty.jp/osaka/coop-wles/article-jo4qw,"
更新1月18日
"
プログラミングを教えてください。,https://jmty.jp/osaka/coop-les/article-mkiwk,"
更新1月19日
"
【ゲーミングPC組み立て・PC関連のご相談】承ります,https://jmty.jp/gifu/coop-whlp/article-hksoh,"
更新1月19日
"
お急ぎください。プログラミングを格安で学べるチャンスです！,https://jmty.jp/hokkaido/coop-wles/article-ltwym,"
更新1月18日
"
PHP(Laravel)経験者いませんか？,https://jmty.jp/tokyo/coop-les/article-mlhtw,"
更新1月18日
"
オンラインプログラミング学習サポート　完全マンツーマン あなたの...,https://jmty.jp/osaka/coop-wles/article-jo4qw,"
更新1月18日
"
PHP(Laravel)経験者いませんか？,https://jmty.jp/tokyo/coop-les/article-mlhtw,"
更新1月18日
"
オンラインプログラミング学習サポート　完全マンツーマン あなたの...,https://jmty.jp/osaka/coop-wles/article-jo4qw,"
更新1月18日
"
プログラミング,https://jmty.jp/tokyo/coop-les/article-butms,"
更新1月18日
"
プログラミング,https://jmty.jp/nagano/coop-les/article-jqn0q,"
更新11月19日
"
【プロ向け】プログラミング講座、ポリモーフィズムについて詳しく教えます,https://jmty.jp/tokyo/coop-wles/article-mkhua,"
更新1月18日
"
プログラミングし教えてほしい方募集,https://jmty.jp/kanagawa/coop-wles/article-l62vc,"
更新11月18日
"
PHP(Laravel)経験者いませんか？,https://jmty.jp/tokyo/coop-les/article-mlhtw,"
更新1月18日
"
オンラインプログラミング学習サポート　完全マンツーマン あなたの...,https://jmty.jp/osaka/coop-wles/article-jo4qw,"
更新1月18日
"
プログラミング,https://jmty.jp/tokyo/coop-les/article-butms,"
更新1月18日
"
プログラミング,https://jmty.jp/nagano/coop-les/article-jqn0q,"
更新11月19日
"
【プロ向け】プログラミング講座、ポリモーフィズムについて詳しく教えます,https://jmty.jp/tokyo/coop-wles/article-mkhua,"
更新1月18日
"
プログラミングし教えてほしい方募集,https://jmty.jp/kanagawa/coop-wles/article-l62vc,"
更新11月18日
"
